SID,DID,TID,VILL_CODE,C_CODE01,NAME,UID,CENSUS_COD,STATE,DISTRICT,SUB_DIST,TOWN_VILL,WARD,EB,LEVEL,NAME_1,TRU,No_HH,TOT_P,TOT_M,TOT_F,P_06,M_06,F_06,P_SC,M_SC,F_SC,P_ST,M_ST,F_ST,P_LIT,M_LIT,F_LIT,P_ILL,M_ILL,F_ILL,TOT_WORK_P,TOT_WORK_M,TOT_WORK_F,MAINWORK_P,MAINWORK_M,MAINWORK_F,MAIN_CL_P,MAIN_CL_M,MAIN_CL_F,MAIN_AL_P,MAIN_AL_M,MAIN_AL_F,MAIN_HH_P,MAIN_HH_M,MAIN_HH_F,MAIN_OT_P,MAIN_OT_M,MAIN_OT_F,MARGWORK_P,MARGWORK_M,MARGWORK_F,MARG_CL_P,MARG_CL_M,MARG_CL_F,MARG_AL_P,MARG_AL_M,MARG_AL_F,MARG_HH_P,MARG_HH_M,MARG_HH_F,MARG_OT_P,MARG_OT_M,MARG_OT_F,NON_WORK_P,NON_WORK_M,NON_WORK_F,ST_CODE,DIST_CODE,THSIL_CODE,BLOCK_CODE,V_CT_CODE,VILL_NAME,AREA,T_HH,T_P,T_M,T_F,SC_P,SC_M,SC_F,ST_P,ST_M,ST_F,EDU_FAC,P_SCH,RANG_P_SCH,M_SCH,RANG_M_SCH,S_SCH,S_S_SCH,COLLEGE,RANG_COLL,IND_SCH,TR_SCH,ADLT_LT_CT,OTH_SCH,MEDI_FAC,ALL_HOSP,RANG_ALL,AYU_HOSP,UN_HOSP,HOM_HOSP,ALL_DISP,AYU_DISP,UN_DISP,HOM_DISP,MCW_CNTR,RANG_MCW,M_HOME,CWC,H_CNTR,PH_CNTR,RANG_PHC,PHS_CNT,FWC_CNTR,TB_CLN,N_HOME,RMP,SMP,CHW,OTH_CNTR,DRNK_WAT_F,RANG_WAT_F,TAP,WELL,TANK,TUBEWELL,HANDPUMP,RIVER,CANAL,LAKE,SPRING,OTHER,SOU_SUMM,RANG_SS,SS_CODE,P_T_FAC,POST_OFF,RANG_PO,TELE_OFF,POST_TELE,PHONE,RANG_PHONE,COMM_FAC,BS_FAC,RANG_BS,RS_FAC,RANG_RS,NW_FAC,RANG_NW,BANK_FAC,COMM_BANK,RANG_COMM,COOP_BANK,RANG_COOP,CRSOC_FAC,AC_SOC,RANG_ACS,NAC_SOC,RANG_NAC,OTHER_SOC,RANG_OTH,RC_FAC,C_V_HALL,RANG_CV,SP_CL_FAC,RANG_SPCL,ST_AU_FAC,RANG_STAU,APP_PR,APP_MR,APP_FP,APP_NAVRIV,APP_NAVCAN,APP_NW,NEAR_TOWN,DIST_TOWN,POWER_SUPL,POWER_DOM,POWER_AGR,POWER_OTH,POWER_ALL,PAP_MAG,NEWS_PAP,MAGAZINE,A_INCEXP,TOT_INC,TOT_EXP,MAN_COMM1,MAN_COMM2,MAN_COMM3,LAND_FORES,CANAL_GOVT,CANAL_PVT,WELL_WO_EL,WELL_W_EL,TW_WO_EL,TW_W_EL,TANK_IRR,RIVER_IRR,LAKE_IRR,W_FALL,OTH_IRR,TOT_IRR,UN_IRR,CULT_WASTE,AREA_NA_CU
28,18,8,2166900,2.818E+15,Santhamaguluru,570127,2.82E+15,28,18,8,2166900,0,0,VILLAGE,Santhamaguluru,Rural,1943,7916,4077,3839,1002,509,493,1894,965,929,259,135,124,3726,2368,1358,4190,1709,2481,4537,2419,2118,4133,2260,1873,1141,868,273,2327,886,1441,51,26,25,614,480,134,404,159,245,63,37,26,316,110,206,6,0,6,19,12,7,3379,1658,1721,28,18,8,8,2166900,SANTHAMAGULURU,2691,1943,7916,4077,3839,1894,965,929,259,135,124,1,9,0,1,0,1,1,0,3,0,0,82,0,1,0,3,0,0,0,0,0,0,0,0,3,0,0,0,1,0,2,1,0,0,1,0,0,1,1,0,2,1,2,2,1,2,1,2,2,2,,0,,1,1,0,1,1,1,0,1,1,0,1,0,2,3,1,1,0,1,0,1,1,0,1,0,1,0,1,1,0,0,3,0,3,1,2,2,2,2,2,NARASARAOPET,18,1,0,0,0,1,1,N,M,1,179810,84891,,,,0,2061,0,0,159,0,0,0,0,0,0,0,2220,298,37,136
28,18,8,2166600,2.818E+15,Vellala Cheruvu,570158,2.82E+15,28,18,8,2166600,0,0,VILLAGE,Vellala Cheruvu,Rural,1288,5356,2727,2629,602,311,291,893,485,408,251,130,121,2580,1592,988,2776,1135,1641,3237,1652,1585,2977,1582,1395,1484,829,655,895,416,479,131,67,64,467,270,197,260,70,190,77,14,63,136,41,95,12,3,9,35,12,23,2119,1075,1044,28,18,8,8,2166600,VELLALA CHERUVU,1902,1288,5356,2727,2629,893,485,408,251,130,121,1,5,0,1,0,1,0,0,3,0,0,98,0,1,0,3,0,0,0,0,1,0,0,0,3,0,0,0,0,2,1,0,0,0,1,0,0,1,1,0,2,1,2,2,1,2,1,2,2,2,,0,,1,1,0,0,0,1,0,1,1,0,1,0,2,3,1,1,0,0,2,1,1,0,0,3,0,3,2,0,2,0,3,0,3,1,2,2,2,2,2,NARASARAOPET,30,1,0,0,0,1,1,N,M,1,63391,25590,,,,0,0,0,0,0,0,0,1109.34,0,0,0,0,1109.34,510.66,81,201
28,18,8,2166800,2.818E+15,Kamepalle,570171,2.82E+15,28,18,8,2166800,0,0,VILLAGE,Kamepalle,Rural,577,2434,1229,1205,289,152,137,520,265,255,93,55,38,1058,675,383,1376,554,822,1532,781,751,1438,741,697,559,395,164,727,239,488,10,6,4,142,101,41,94,40,54,4,4,0,73,28,45,2,0,2,15,8,7,902,448,454,28,18,8,8,2166800,KAMEPALLE,1274,577,2434,1229,1205,520,265,255,93,55,38,1,2,0,0,2,0,0,0,3,0,0,32,0,1,0,3,0,0,0,0,0,0,0,0,3,0,0,0,0,2,0,0,0,0,1,0,0,1,1,0,2,1,2,2,1,2,1,2,2,2,,0,,1,1,0,0,0,1,0,1,1,0,2,2,2,3,2,0,2,0,2,2,0,2,0,3,0,3,2,0,2,0,3,0,3,1,2,2,2,2,2,NARASARAOPET,23,1,0,0,0,1,1,N,M,1,71439,62435,,,,0,0,0,0,0,0,0,786.6,0,0,0,0,786.6,305.35,4,178
28,18,8,2167000,2.818E+15,Tangedu Malli,570185,2.82E+15,28,18,8,2167000,0,0,VILLAGE,Tangedu Malli,Rural,1457,6036,3023,3013,861,432,429,1237,597,640,184,97,87,2502,1552,950,3534,1471,2063,3481,1920,1561,3427,1906,1521,1559,942,617,1486,688,798,126,112,14,256,164,92,54,14,40,3,3,0,37,3,34,1,1,0,13,7,6,2555,1103,1452,28,18,8,8,2167000,TANGEDU MALLI,2115,1457,6036,3023,3013,1237,597,640,184,97,87,1,4,0,2,0,0,0,0,3,0,0,32,0,1,0,3,0,0,0,0,0,0,0,0,3,0,0,0,0,3,1,0,0,0,1,0,0,1,1,0,2,1,2,2,1,2,1,2,2,2,,0,,1,1,0,0,0,1,0,1,1,0,1,0,2,3,2,0,3,0,3,2,0,3,0,3,0,3,2,0,3,0,3,0,3,1,2,2,2,2,2,NARASARAOPET,15,1,0,0,0,1,1,N,M,1,86816,60991,,,,0,798,0,0,188,0,0,0,0,0,0,0,986,1003,31,95
28,18,8,2167100,2.818E+15,Gurijepalle,570223,2.82E+15,28,18,8,2167100,0,0,VILLAGE,Gurijepalle,Rural,297,1241,610,631,175,76,99,725,358,367,62,33,29,478,303,175,763,307,456,775,397,378,698,379,319,150,94,56,407,190,217,19,14,5,122,81,41,77,18,59,27,9,18,44,6,38,3,1,2,3,2,1,466,213,253,28,18,8,8,2167100,GURIJEPALLE,619,297,1241,610,631,725,358,367,62,33,29,1,1,0,0,3,0,0,0,3,0,0,12,0,1,0,3,0,0,0,0,0,0,0,0,3,0,0,0,0,3,1,0,0,0,1,0,0,1,1,0,2,1,2,2,1,2,1,2,2,2,,0,,1,1,0,0,0,1,0,1,1,0,2,3,2,3,2,0,3,0,3,1,1,0,0,3,0,3,2,0,3,0,3,0,3,1,2,2,2,2,2,NARASARAOPET,14,1,0,0,0,1,1,N,M,1,33457,32467,,,,0,200,0,0,20,0,0,0,0,0,0,0,220,367,25,7
28,18,8,2167200,2.818E+15,Kopparam,570271,2.82E+15,28,18,8,2167200,0,0,VILLAGE,Kopparam,Rural,1871,7919,4021,3898,1096,546,550,1298,642,656,925,485,440,3309,2064,1245,4610,1957,2653,4900,2502,2398,4738,2471,2267,1659,969,690,2679,1229,1450,34,19,15,366,254,112,162,31,131,31,5,26,64,11,53,18,3,15,49,12,37,3019,1519,1500,28,18,8,8,2167200,KOPPARAM,2896,1871,7919,4021,3898,1298,642,656,925,485,440,1,8,0,1,0,0,0,0,3,0,0,99,0,1,0,3,0,0,0,0,0,0,0,0,3,0,0,0,0,2,0,0,0,0,1,0,0,1,1,0,2,1,2,2,1,2,1,2,2,2,,0,,1,1,0,0,0,1,0,1,1,0,2,2,2,3,2,0,2,0,2,1,1,0,6,0,0,3,2,0,2,0,3,0,3,1,2,2,2,2,2,NARASARAOPET,26,1,0,0,0,1,1,N,M,1,36203,31832,,,,28,1249,0,0,300.4,0,0,0,0,0,0,0,1549.4,1128.6,18,172
28,18,8,2167300,2.818E+15,Elchur,570278,2.82E+15,28,18,8,2167300,0,0,VILLAGE,Elchur,Rural,1955,8387,4246,4141,1192,586,606,1306,669,637,164,80,84,3086,1961,1125,5301,2285,3016,4780,2563,2217,3781,2234,1547,1335,838,497,1598,807,791,18,9,9,830,580,250,999,329,670,73,20,53,886,289,597,2,1,1,38,19,19,3607,1683,1924,28,18,8,8,2167300,ELCHUR,2789,1955,8387,4246,4141,1306,669,637,164,80,84,1,4,0,1,0,1,0,0,3,0,0,99,0,1,0,3,0,0,0,0,0,0,0,0,3,0,0,0,0,2,1,0,0,0,1,0,0,1,1,0,2,1,2,2,1,2,1,2,2,2,,0,,1,1,0,0,0,1,0,1,1,0,2,2,2,3,2,0,2,0,2,1,1,0,1,0,0,3,1,1,0,0,3,0,3,1,2,2,2,2,2,NARASARAOPET,22,1,0,0,0,1,1,N,M,1,161401,160881,,,,0,1200,0,0,237.48,0,0,0,0,0,0,0,1437.48,1114,24,213.52
28,18,8,2166700,2.818E+15,Gopapuram,570290,2.82E+15,28,18,8,2166700,0,0,,GOPAPURAM,,0,0,0,0,0,0,0,0,0,0,0,0,0,0,0,0,0,0,0,0,0,0,0,0,0,0,0,0,0,0,0,0,0,0,0,0,0,0,0,0,0,0,0,0,0,0,0,0,0,0,0,0,0,0,0,28,18,8,8,2166700,GOPAPURAM,412,0,0,0,0,0,0,0,0,0,0,0,0,0,0,0,0,0,0,0,0,0,0,0,0,0,0,0,0,0,0,0,0,0,0,0,0,0,0,0,0,0,0,0,0,0,0,0,0,0,0,0,0,0,0,0,0,0,0,0,0,,0,,0,0,0,0,0,0,0,0,0,0,0,0,0,0,0,0,0,0,0,0,0,0,0,0,0,0,0,0,0,0,0,0,0,0,0,0,0,0,0,,0,0,0,0,0,0,0,,,0,0,0,,,,0,295.58,0,0,17,0,0,0,0,0,0,0,312.58,58.09,19.3,22
28,18,9,2167800,2.818E+15,Uppumaguluru,570320,2.82E+15,28,18,9,2167800,0,0,VILLAGE,Uppumaguluru,Rural,1150,4431,2276,2155,569,301,268,1220,633,587,414,218,196,1780,1108,672,2651,1168,1483,2691,1426,1265,2472,1387,1085,1003,607,396,1252,599,653,10,7,3,207,174,33,219,39,180,75,9,66,97,13,84,4,1,3,43,16,27,1740,850,890,28,18,9,9,2167800,UPPUMAGULURU,2438,1150,4431,2276,2155,1220,633,587,414,218,196,1,4,0,1,0,1,0,0,3,0,0,53,0,1,0,3,0,0,0,0,0,0,0,0,3,0,0,0,0,3,1,0,0,0,1,0,0,0,1,0,2,1,2,2,1,2,2,2,2,2,,0,,1,1,0,0,0,3,0,1,1,0,2,3,2,3,2,0,3,0,3,2,0,3,0,3,0,3,2,0,3,0,3,0,3,1,2,2,2,2,2,CHILAKALURIPET,25,1,0,0,0,1,1,N,M,1,174360,104750,,,,0,680,0,0,0,0,0,165,0,0,0,0,845,1447,120,26
28,18,9,2167700,2.818E+15,Koppera Palem,570324,2.82E+15,28,18,9,2167700,0,0,VILLAGE,Koppera Palem,Rural,543,2306,1151,1155,339,161,178,710,364,346,91,45,46,995,616,379,1311,535,776,1283,699,584,1127,690,437,355,239,116,634,358,276,0,0,0,138,93,45,156,9,147,76,4,72,68,4,64,3,0,3,9,1,8,1023,452,571,28,18,9,9,2167700,KOPPERA PALEM,796,543,2306,1151,1155,710,364,346,91,45,46,1,2,0,0,2,0,0,0,3,0,0,29,0,2,0,3,0,0,0,0,0,0,0,0,3,0,0,0,0,3,0,0,0,0,0,0,0,0,1,0,2,1,1,2,1,1,1,2,2,2,,0,,1,1,0,0,0,2,0,1,1,0,2,3,2,3,2,0,3,0,3,2,0,2,0,3,0,3,2,0,3,0,3,0,3,1,2,2,2,2,2,NARASARAOPET,27,1,0,0,0,1,1,N,M,1,106109,101606,,,,0,547.63,0,0,16.2,0,0,0,0,0,0,0,563.83,65,35,132.15
28,18,8,2167600,2.818E+15,Kommala Padu,570413,2.82E+15,28,18,8,2167600,0,0,VILLAGE,Kommala Padu,Rural,1820,7445,3804,3641,1022,511,511,1135,572,563,20,14,6,3201,2027,1174,4244,1777,2467,4500,2390,2110,3735,2061,1674,990,617,373,2235,1034,1201,17,12,5,493,398,95,765,329,436,30,12,18,692,284,408,0,0,0,43,33,10,2945,1414,1531,28,18,8,8,2167600,KOMMALA PADU,1961,1820,7445,3804,3641,1135,572,563,20,14,6,1,5,0,1,0,1,0,0,3,0,0,70,0,1,0,3,0,0,0,0,0,0,0,0,3,0,0,0,0,2,1,0,0,0,1,0,0,1,1,0,2,1,2,2,1,2,1,2,2,2,,0,,1,1,0,0,0,1,0,1,1,0,2,2,2,3,1,1,0,0,2,1,1,0,0,3,0,3,1,1,0,0,3,0,3,1,2,2,2,2,2,NARASARAOPET,25,1,0,0,0,1,1,N,M,1,61210,53358,,,,0,430,0,0,0,0,0,0,0,0,0,0,430,1454,24,53
28,18,9,2167900,2.818E+15,Vemavaram,570417,2.82E+15,28,18,9,2167900,0,0,VILLAGE,Vemavaram,Rural,390,1697,860,837,213,106,107,140,73,67,335,180,155,787,485,302,910,375,535,1060,562,498,994,551,443,533,371,162,169,98,71,7,6,1,285,76,209,66,11,55,3,0,3,59,9,50,0,0,0,4,2,2,637,298,339,28,18,9,9,2167900,VEMAVARAM,738,390,1697,860,837,140,73,67,335,180,155,1,1,0,0,1,0,0,0,3,0,0,19,0,1,0,3,0,0,0,0,0,0,0,0,3,0,0,0,0,3,0,0,0,0,1,0,0,0,1,0,2,1,2,1,1,2,2,2,2,2,,0,,1,1,0,0,0,2,0,1,1,0,2,3,2,3,2,0,2,0,2,2,0,1,0,2,0,2,2,0,2,0,3,0,3,1,2,2,2,2,2,CHILAKALURIPET,12,1,0,0,0,1,1,N,M,1,82566,81897,,,,0,0,0,0,0,0,0,0,0,0,0,60,60,526.69,71.5,79.76
28,18,9,2168000,2.818E+15,Konidena,570429,2.82E+15,28,18,9,2168000,0,0,VILLAGE,Konidena,Rural,2104,8759,4424,4335,1119,578,541,1720,889,831,260,135,125,3506,2195,1311,5253,2229,3024,5245,2801,2444,4827,2739,2088,1924,1241,683,2344,1074,1270,82,45,37,477,379,98,418,62,356,102,8,94,258,33,225,4,0,4,54,21,33,3514,1623,1891,28,18,9,9,2168000,KONIDENA,3730,2104,8759,4424,4335,1720,889,831,260,135,125,1,8,0,2,0,0,0,0,3,0,0,78,0,1,0,3,0,0,0,0,1,0,0,0,3,0,0,0,0,3,1,0,0,0,0,0,0,0,1,0,2,1,1,2,1,2,2,2,2,2,,0,,1,1,0,0,0,3,0,1,1,0,2,3,2,3,1,1,0,0,2,1,1,0,0,2,0,2,2,0,2,0,3,0,3,1,2,2,2,2,2,CHILAKALURIPET,20,1,0,0,0,1,1,N,M,1,187755,152760,,,,175,1070,0,0,0,0,0,250,0,0,0,27,1347,2066,104,38
28,18,9,2168200,2.818E+15,Chennupalle,570436,2.82E+15,28,18,9,2168200,0,0,VILLAGE,Chennupalle,Rural,485,1900,957,943,273,131,142,766,390,376,25,12,13,774,491,283,1126,466,660,1300,660,640,1286,658,628,326,301,25,848,276,572,14,5,9,98,76,22,14,2,12,0,0,0,9,2,7,0,0,0,5,0,5,600,297,303,28,18,9,9,2168200,CHENNUPALLE,1847,485,1900,957,943,766,390,376,25,12,13,1,1,0,1,0,0,0,0,3,0,0,15,0,1,0,3,0,0,0,0,0,0,0,0,3,0,0,0,0,3,0,0,0,0,1,0,0,1,1,0,2,1,1,2,1,2,2,2,2,2,,0,,1,1,0,0,0,3,0,1,1,0,2,3,2,3,2,0,1,0,3,1,0,1,1,0,0,3,2,0,3,0,3,0,3,1,2,2,2,2,2,CHILAKALURIPET,27,1,0,0,0,1,1,N,M,1,96007,93360,,,,0,595,0,0,0,0,0,175,0,0,0,0,770,816,131.5,129.5
28,18,8,2167400,2.818E+15,Kunduru (West),570443,2.82E+15,28,18,8,2167400,0,0,VILLAGE,Kunduru (West),Rural,746,3210,1619,1591,412,215,197,177,92,85,194,93,101,1212,727,485,1998,892,1106,1697,953,744,910,727,183,632,521,111,210,149,61,19,14,5,49,43,6,787,226,561,143,11,132,592,185,407,39,20,19,13,10,3,1513,666,847,28,18,8,8,2167400,KUNDURU (WEST),1997,746,3210,1619,1591,177,92,85,194,93,101,1,2,0,1,0,1,0,0,3,0,0,12,0,1,0,3,0,0,0,0,0,0,0,0,3,0,0,0,0,3,0,0,0,0,1,0,0,1,1,0,2,1,2,2,1,2,1,2,2,2,,0,,1,1,0,0,0,1,0,1,1,0,2,3,2,3,1,1,0,0,3,1,1,0,0,3,0,3,2,0,2,0,3,0,3,1,2,2,2,2,2,NARASARAOPET,28,1,0,0,0,1,1,N,M,1,71439,64019,,,,0,1635,0,0,0,0,0,0,0,0,0,0,1635,167,12,183
28,18,8,2167500,2.818E+15,Kunduru (East),570449,2.82E+15,28,18,8,2167500,0,0,VILLAGE,Kunduru (East),Rural,923,3664,1824,1840,493,253,240,912,465,447,130,75,55,1556,951,605,2108,873,1235,2194,1158,1036,1970,1117,853,839,527,312,914,430,484,10,7,3,207,153,54,224,41,183,29,8,21,168,15,153,4,2,2,23,16,7,1470,666,804,28,18,8,8,2167500,KUNDURU (EAST),2091,923,3664,1824,1840,912,465,447,130,75,55,1,4,0,0,1,0,0,0,3,0,0,45,2,1,0,3,0,0,0,0,0,0,0,0,3,0,0,0,0,2,1,0,0,0,1,0,0,1,1,0,2,1,2,2,1,2,1,2,2,2,,0,,1,1,0,0,0,1,0,1,1,0,2,2,2,3,2,0,1,0,2,1,0,3,1,0,0,3,2,0,1,0,3,0,3,1,2,2,2,2,2,NARASARAOPET,27,1,0,0,0,1,1,N,M,1,73710,66207,,,,0,1720,0,0,0,0,0,0,0,0,0,0,1720,290,0,80.6
28,18,9,2168100,2.818E+15,Ballikurava,570478,2.82E+15,28,18,9,2168100,0,0,VILLAGE,Ballikurava,Rural,564,2301,1148,1153,329,170,159,767,381,386,55,29,26,953,579,374,1348,569,779,1327,677,650,1309,670,639,368,215,153,835,374,461,9,5,4,97,76,21,18,7,11,2,0,2,9,3,6,0,0,0,7,4,3,974,471,503,28,18,9,9,2168100,BALLIKURAVA,955,564,2301,1148,1153,767,381,386,55,29,26,1,4,0,1,0,1,1,0,3,0,0,26,0,1,0,3,0,0,0,0,0,0,0,0,3,0,0,0,0,3,1,0,0,0,0,0,0,1,1,0,2,1,2,2,1,2,2,2,2,2,,0,,1,1,0,0,0,5,0,1,1,0,2,3,2,3,1,1,0,0,3,1,1,0,0,3,0,3,2,0,3,0,3,0,3,1,2,2,2,2,2,CHILAKALURIPET,25,1,0,0,0,1,1,N,M,1,92946,90386,,,,95,304,0,10,0,0,0,150,0,0,0,20,484,349,6,21
28,18,9,2168300,2.818E+15,Sankaralingam Gudipadu,570566,2.82E+15,28,18,9,2168300,0,0,VILLAGE,Sankaralingam Gudipadu,Rural,418,1727,875,852,266,133,133,419,216,203,52,30,22,629,392,237,1098,483,615,977,530,447,939,522,417,150,127,23,680,307,373,0,0,0,109,88,21,38,8,30,1,1,0,23,3,20,1,0,1,13,4,9,750,345,405,28,18,9,9,2168300,SANKARALINGAM GUDIPADU,1098,418,1727,875,852,419,216,203,52,30,22,1,2,0,0,1,0,0,0,3,0,0,28,0,1,0,3,0,0,0,0,0,0,0,0,3,0,0,0,0,3,0,0,0,0,0,0,0,1,1,0,2,1,2,2,1,2,1,2,2,2,,0,,1,1,0,0,0,1,0,1,1,0,2,3,2,3,2,0,2,0,3,1,1,0,0,3,0,3,2,0,2,0,3,0,3,1,2,2,2,2,2,ONGOLE,62,1,0,0,0,1,1,N,M,1,5711,711,,,,0,500,0,0,20,0,0,0,0,0,0,15,535,358.5,75,129.5
28,18,8,,,Hill,570567,2.82E+15,28,19,38,0,0,0,MANDAL,Chillakur,Total,11624,46475,23606,22869,6598,3324,3274,15405,8038,7367,6683,3421,3262,21878,12759,9119,24597,10847,13750,21704,13502,8202,13453,9398,4055,1975,1795,180,7137,4352,2785,371,236,135,3970,3015,955,8251,4104,4147,686,582,104,6926,3134,3792,76,29,47,563,359,204,24771,10104,14667,0,0,0,0,0,,0,0,0,0,0,0,0,0,0,0,0,0,0,0,0,0,0,0,0,0,0,0,0,0,0,0,0,0,0,0,0,0,0,0,0,0,0,0,0,0,0,0,0,0,0,0,0,0,0,0,0,0,0,0,0,0,0,0,0,0,0,,0,,0,0,0,0,0,0,0,0,0,0,0,0,0,0,0,0,0,0,0,0,0,0,0,0,0,0,0,0,0,0,0,0,0,0,0,0,0,0,0,,0,0,0,0,0,0,0,,,0,0,0,,,,0,0,0,0,0,0,0,0,0,0,0,0,0,0,0,0
28,18,9,2168500,2.818E+15,Guntupalle,570575,2.82E+15,28,18,9,2168500,0,0,VILLAGE,Guntupalle,Rural,1097,4601,2354,2247,502,253,249,976,501,475,41,24,17,2301,1426,875,2300,928,1372,2739,1438,1301,2564,1418,1146,921,645,276,1205,589,616,16,15,1,422,169,253,175,20,155,65,2,63,68,11,57,12,0,12,30,7,23,1862,916,946,28,18,9,9,2168500,GUNTUPALLE,1891,1097,4601,2354,2247,976,501,475,41,24,17,1,5,0,1,0,1,0,0,3,0,0,49,0,1,0,3,0,0,0,0,0,0,0,0,3,0,0,1,0,3,0,0,0,0,0,0,0,1,1,0,2,1,2,2,1,2,2,2,2,2,,0,,1,1,0,0,0,3,0,1,1,0,2,3,2,3,2,0,1,0,3,1,0,1,1,0,0,3,2,0,3,0,3,0,3,1,2,2,2,2,2,ONGOLE,55,1,0,0,0,1,1,N,M,1,124940,120259,,,,0,990,0,0,0,0,0,156,0,0,0,50,1196,517.7,31.57,145.73
28,18,9,2168400,2.818E+15,Mukteswaram,570578,2.82E+15,28,18,9,2168400,0,0,VILLAGE,Mukteswaram,Rural,772,3687,1946,1741,515,270,245,788,404,384,118,68,50,1278,871,407,2409,1075,1334,2186,1200,986,2157,1187,970,584,396,188,933,418,515,3,2,1,637,371,266,29,13,16,9,3,6,7,3,4,0,0,0,13,7,6,1501,746,755,28,18,9,9,2168400,MUKTESWARAM,1271,772,3687,1946,1741,788,404,384,118,68,50,1,4,0,0,3,0,0,0,3,0,0,40,0,2,0,3,0,0,0,0,0,0,0,0,3,0,0,0,0,3,0,0,0,0,0,0,0,0,1,0,2,1,2,2,1,2,1,2,2,2,,0,,1,1,0,0,0,1,0,1,1,0,2,3,2,3,2,0,3,0,3,2,0,3,0,3,0,3,2,0,3,0,3,0,3,1,2,2,2,2,2,ONGOLE,60,1,0,0,0,1,1,N,M,1,169146,144297,,,,0,608,0,0,20,0,0,0,0,0,0,30,658,424.75,18.21,170.04
28,18,9,2168700,2.818E+15,Kukatla Palle,570580,2.82E+15,28,18,9,2168700,0,0,VILLAGE,Kukatla Palle,Rural,730,3124,1584,1540,418,201,217,679,346,333,425,204,221,1138,739,399,1986,845,1141,1859,947,912,1390,888,502,691,434,257,567,363,204,48,26,22,84,65,19,469,59,410,117,2,115,331,49,282,0,0,0,21,8,13,1265,637,628,28,18,9,9,2168700,KUKATLA PALLE,1022,730,3124,1584,1540,679,346,333,425,204,221,1,3,0,1,0,0,0,0,3,0,0,29,0,1,0,3,0,0,0,0,0,0,0,0,3,0,0,0,0,3,1,0,0,0,0,0,0,0,1,0,2,1,2,2,1,2,1,2,2,2,,0,,1,1,0,0,0,1,0,1,1,0,2,3,2,3,2,0,1,0,3,1,1,0,0,3,0,3,2,0,3,0,3,0,3,1,2,2,2,2,2,ONGOLE,60,1,0,0,0,1,1,N,,1,12308,7308,,,,189.39,630,0,0,5,0,0,0,0,0,0,15,650,80.6,60.99,41
28,18,9,2168600,2.818E+15,Vaidana,570640,2.82E+15,28,18,9,2168600,0,0,VILLAGE,Vaidana,Rural,773,3513,1806,1707,426,208,218,768,418,350,85,50,35,1760,1129,631,1753,677,1076,1937,1004,933,1749,959,790,744,495,249,556,257,299,2,0,2,447,207,240,188,45,143,27,8,19,114,13,101,1,1,0,46,23,23,1576,802,774,28,18,9,9,2168600,VAIDANA,1648,773,3513,1806,1707,768,418,350,85,50,35,1,4,0,1,0,1,0,0,3,0,0,39,0,1,0,3,0,0,0,0,0,0,0,0,3,0,0,0,0,3,1,0,0,0,0,0,0,0,1,0,2,1,1,2,1,2,1,2,2,2,,0,,1,1,0,0,0,1,0,1,1,0,2,3,2,3,2,0,1,0,1,1,1,0,0,3,0,3,2,0,2,0,3,0,3,1,2,2,2,2,2,ONGOLE,60,1,0,0,0,1,1,N,M,1,356831,340477,,,,0,825,0,0,5,0,0,120,0,0,0,10,960,260.24,10,417.76
28,18,9,2168800,2.818E+15,Gorre Padu,570659,2.82E+15,28,18,9,2168800,0,0,VILLAGE,Gorre Padu,Rural,785,3452,1769,1683,461,234,227,1206,636,570,359,184,175,1458,911,547,1994,858,1136,2080,1107,973,1825,1062,763,1016,636,380,636,304,332,2,1,1,171,121,50,255,45,210,23,7,16,225,32,193,0,0,0,7,6,1,1372,662,710,28,18,9,9,2168800,GORRE PADU,2136,785,3452,1769,1683,1206,636,570,359,184,175,1,6,0,0,1,0,0,0,3,0,0,40,0,2,0,3,0,0,0,0,0,0,0,0,3,0,0,0,0,3,0,0,0,0,0,0,0,0,1,0,2,1,1,2,1,2,2,2,2,2,,0,,1,0,1,0,0,1,0,1,1,0,2,3,2,3,2,0,1,0,3,1,1,0,0,3,0,3,2,0,3,0,3,0,3,1,2,2,2,2,2,ONGOLE,60,1,0,0,0,1,1,N,,1,28864,27364,,,,95,630,0,0,5,0,0,0,0,0,0,15,650,1068,275,48
28,18,9,,,Hill,570685,2.82E+15,28,19,38,0,0,0,MANDAL,Chillakur,Total,11624,46475,23606,22869,6598,3324,3274,15405,8038,7367,6683,3421,3262,21878,12759,9119,24597,10847,13750,21704,13502,8202,13453,9398,4055,1975,1795,180,7137,4352,2785,371,236,135,3970,3015,955,8251,4104,4147,686,582,104,6926,3134,3792,76,29,47,563,359,204,24771,10104,14667,0,0,0,0,0,,0,0,0,0,0,0,0,0,0,0,0,0,0,0,0,0,0,0,0,0,0,0,0,0,0,0,0,0,0,0,0,0,0,0,0,0,0,0,0,0,0,0,0,0,0,0,0,0,0,0,0,0,0,0,0,0,0,0,0,0,0,,0,,0,0,0,0,0,0,0,0,0,0,0,0,0,0,0,0,0,0,0,0,0,0,0,0,0,0,0,0,0,0,0,0,0,0,0,0,0,0,0,,0,0,0,0,0,0,0,,,0,0,0,,,,0,0,0,0,0,0,0,0,0,0,0,0,0,0,0,0
28,18,9,2169000,2.818E+15,Valla Palle,570688,2.82E+15,28,18,9,2169000,0,0,VILLAGE,Valla Palle,Rural,1157,5077,2611,2466,657,337,320,1561,794,767,85,45,40,2272,1427,845,2805,1184,1621,3017,1593,1424,2569,1506,1063,1081,745,336,883,363,520,40,13,27,565,385,180,448,87,361,163,12,151,205,48,157,2,0,2,78,27,51,2060,1018,1042,28,18,9,9,2169000,VALLA PALLE,1198,1157,5077,2611,2466,1561,794,767,85,45,40,1,3,0,2,0,1,0,0,3,0,0,59,0,1,0,3,0,0,0,0,0,0,0,0,3,0,0,0,0,3,1,0,0,0,0,0,0,1,1,0,2,1,2,2,1,2,2,2,2,2,,0,,1,1,0,0,0,1,0,1,1,0,2,3,2,3,2,0,2,0,3,1,2,0,0,3,0,3,2,0,3,0,3,0,3,1,2,2,2,2,2,NARASARAOPET,40,1,0,0,0,1,1,N,M,1,100014,58477,,,,0,846.6,0,0,31,0,0,0,0,0,0,0,877.6,271,34.4,15
28,18,9,2168900,2.818E+15,Koppera Padu,570714,2.82E+15,28,18,9,2168900,0,0,VILLAGE,Koppera Padu,Rural,682,3138,1600,1538,362,190,172,743,375,368,330,175,155,1707,1017,690,1431,583,848,1672,989,683,1632,983,649,478,380,98,824,356,468,25,15,10,305,232,73,40,6,34,0,0,0,38,5,33,0,0,0,2,1,1,1466,611,855,28,18,9,9,2168900,KOPPERA PADU,893,682,3138,1600,1538,743,375,368,330,175,155,1,2,0,1,0,1,0,0,3,0,0,30,0,1,0,3,0,0,0,0,0,0,0,0,3,0,0,0,0,3,1,0,0,0,0,0,0,0,1,0,2,1,1,2,1,2,1,2,2,2,,0,,1,1,0,0,0,1,0,1,1,0,2,3,2,3,1,1,0,0,3,2,0,1,0,3,0,3,2,0,3,0,3,0,3,1,2,2,2,2,2,CHILAKALURIPET,27,1,0,0,0,1,1,N,,1,124172,171178,,,,0,597.3,0,0,32.7,0,0,0,0,0,0,0,630,155.7,24.29,83
28,18,16,2176000,2.818E+15,Chinakotha Palle,570774,2.82E+15,28,18,16,2176000,0,0,VILLAGE,Chinakotha Palle,Rural,1008,4506,2328,2178,615,320,295,1367,705,662,164,79,85,2040,1333,707,2466,995,1471,2685,1410,1275,1950,1215,735,1043,682,361,643,328,315,27,15,12,237,190,47,735,195,540,44,6,38,645,164,481,3,1,2,43,24,19,1821,918,903,28,18,16,16,2176000,CHINAKOTHA PALLE,1970,1008,4506,2328,2178,1367,705,662,164,79,85,1,6,0,1,0,0,0,0,3,0,0,74,0,1,0,3,0,0,0,0,0,0,0,0,3,0,0,0,0,3,1,0,0,0,0,0,0,0,1,0,2,1,2,2,1,2,2,2,2,2,,0,,1,1,0,0,0,0,3,1,1,0,2,3,2,3,2,0,2,0,3,1,1,0,2,0,0,3,2,0,3,0,3,0,3,1,2,2,2,2,2,ONGOLE,51,1,0,0,0,1,1,N,M,2,0,0,,,,0,0,0,27.93,0,0,0,0,0,0,0,503,530.76,1123.48,155.46,160.3
28,18,16,2176100,2.818E+15,Dharmavaram,570785,2.82E+15,28,18,16,2176100,0,0,VILLAGE,Dharmavaram,Rural,1254,5589,2796,2793,839,414,425,1552,791,761,100,50,50,2338,1487,851,3251,1309,1942,3227,1756,1471,2929,1641,1288,1075,675,400,1629,794,835,4,2,2,221,170,51,298,115,183,108,34,74,107,26,81,75,52,23,8,3,5,2362,1040,1322,28,18,16,16,2176100,DHARMAVARAM,1618,1254,5589,2796,2793,1552,791,761,100,50,50,1,5,0,1,0,0,0,0,3,0,0,77,0,1,0,3,0,0,0,0,0,0,0,0,3,0,0,0,0,3,1,0,0,0,0,0,0,0,1,0,2,1,2,2,1,2,2,2,2,2,,0,,1,1,0,0,0,2,0,1,1,0,2,3,2,3,2,0,2,0,3,1,1,0,1,0,0,3,2,0,1,0,3,0,3,1,2,2,2,2,2,ONGOLE,45,1,0,0,0,1,1,N,M,2,0,0,,,,0,0,0,66.39,0,0,0,0,0,0,0,626,691.89,513.76,70.6,341.7
28,18,16,2175700,2.818E+15,Mylavaram,570788,2.82E+15,28,18,16,2175700,0,0,VILLAGE,Mylavaram,Rural,234,1023,526,497,149,84,65,407,219,188,69,36,33,428,263,165,595,263,332,565,308,257,408,293,115,166,109,57,166,116,50,13,9,4,63,59,4,157,15,142,34,6,28,118,8,110,3,0,3,2,1,1,458,218,240,28,18,16,16,2175700,MYLAVARAM,480,234,1023,526,497,407,219,188,69,36,33,1,2,0,1,0,0,0,0,3,0,0,22,0,2,0,3,0,0,0,0,0,0,0,0,3,0,0,0,0,3,0,0,0,0,0,0,0,0,1,0,2,1,2,2,1,2,2,2,2,2,,0,,1,1,0,0,0,0,3,1,1,0,2,3,2,3,2,0,3,0,3,2,0,3,0,3,0,3,2,0,3,0,3,0,3,1,2,2,2,2,2,ONGOLE,50,1,0,0,0,1,1,N,M,2,0,0,,,,0,0,0,8.5,0,0,0,105.66,0,0,0,0,114.16,272.06,22.26,71.52
28,18,8,,,Forest,570287,0,0,0,0,0,0,0,,,,0,0,0,0,0,0,0,0,0,0,0,0,0,0,0,0,0,0,0,0,0,0,0,0,0,0,0,0,0,0,0,0,0,0,0,0,0,0,0,0,0,0,0,0,0,0,0,0,0,0,0,0,0,0,0,0,0,0,0,0,,0,0,0,0,0,0,0,0,0,0,0,0,0,0,0,0,0,0,0,0,0,0,0,0,0,0,0,0,0,0,0,0,0,0,0,0,0,0,0,0,0,0,0,0,0,0,0,0,0,0,0,0,0,0,0,0,0,0,0,0,0,,0,,0,0,0,0,0,0,0,0,0,0,0,0,0,0,0,0,0,0,0,0,0,0,0,0,0,0,0,0,0,0,0,0,0,0,0,0,0,0,0,,0,0,0,0,0,0,0,,,0,0,0,,,,0,0,0,0,0,0,0,0,0,0,0,0,0,0,0,0
28,18,9,,,Forest,570374,0,0,0,0,0,0,0,,,,0,0,0,0,0,0,0,0,0,0,0,0,0,0,0,0,0,0,0,0,0,0,0,0,0,0,0,0,0,0,0,0,0,0,0,0,0,0,0,0,0,0,0,0,0,0,0,0,0,0,0,0,0,0,0,0,0,0,0,0,,0,0,0,0,0,0,0,0,0,0,0,0,0,0,0,0,0,0,0,0,0,0,0,0,0,0,0,0,0,0,0,0,0,0,0,0,0,0,0,0,0,0,0,0,0,0,0,0,0,0,0,0,0,0,0,0,0,0,0,0,0,,0,,0,0,0,0,0,0,0,0,0,0,0,0,0,0,0,0,0,0,0,0,0,0,0,0,0,0,0,0,0,0,0,0,0,0,0,0,0,0,0,,0,0,0,0,0,0,0,,,0,0,0,,,,0,0,0,0,0,0,0,0,0,0,0,0,0,0,0,0
28,18,16,2175800,2.818E+15,Uppalapadu,570797,2.82E+15,28,18,16,2175800,0,0,VILLAGE,Uppalapadu,Rural,267,1349,676,673,207,109,98,203,95,108,19,10,9,534,340,194,815,336,479,817,417,400,817,417,400,265,136,129,492,239,253,0,0,0,60,42,18,0,0,0,0,0,0,0,0,0,0,0,0,0,0,0,532,259,273,28,18,16,16,2175800,UPPALAPADU,499,267,1349,676,673,203,95,108,19,10,9,1,1,0,1,0,0,0,0,3,0,0,14,0,1,0,3,0,0,0,0,0,0,0,0,3,0,0,0,0,3,1,0,0,0,0,0,0,0,1,0,2,1,2,2,1,2,2,2,2,2,,0,,1,1,0,0,0,0,3,1,1,0,2,3,2,3,2,0,3,0,3,2,0,2,0,3,0,3,2,0,3,0,3,0,3,1,2,2,2,2,2,ONGOLE,51,1,0,0,0,1,1,N,M,2,0,0,,,,0,0,0,15.38,0,0,0,20.24,0,0,0,0,35.62,400.8,0,62.5
28,18,16,2175900,2.818E+15,Vemparala,570817,2.82E+15,28,18,16,2175900,0,0,VILLAGE,Vemparala,Rural,589,2116,1087,1029,278,144,134,694,349,345,53,25,28,815,511,304,1301,576,725,1390,721,669,1367,720,647,518,306,212,747,343,404,22,10,12,80,61,19,23,1,22,0,0,0,21,1,20,0,0,0,2,0,2,726,366,360,28,18,16,16,2175900,VEMPARALA,986,589,2116,1087,1029,694,349,345,53,25,28,1,4,0,0,1,0,0,0,3,0,0,31,0,1,0,3,0,0,0,0,0,0,0,0,3,0,0,0,0,3,1,0,0,0,0,0,0,0,1,0,2,1,2,2,1,2,2,2,2,2,,0,,1,1,0,0,0,0,3,1,1,0,2,3,2,3,2,0,3,0,3,2,0,3,0,3,0,3,2,0,3,0,3,0,3,1,2,2,2,2,2,ONGOLE,51,1,0,0,0,1,2,,,2,0,0,,,,0,64.75,0,0,0,0,27.52,20.64,0,0,0,0,112.91,286.52,348.02,238.36
28,18,15,2174200,2.818E+15,Ramakuru,570844,2.82E+15,28,18,15,2174200,0,0,VILLAGE,Ramakuru,Rural,993,4060,2077,1983,444,226,218,102,56,46,293,164,129,2164,1293,871,1896,784,1112,2293,1244,1049,1635,933,702,616,376,240,680,309,371,10,7,3,329,241,88,658,311,347,43,14,29,558,257,301,15,11,4,42,29,13,1767,833,934,28,18,15,15,2174200,RAMAKURU,996,993,4060,2077,1983,102,56,46,293,164,129,1,4,0,1,0,0,0,0,3,0,0,22,0,1,0,3,0,0,0,0,0,0,0,0,3,0,0,0,0,3,1,1,0,0,1,0,0,0,1,0,2,1,2,2,1,2,2,2,2,2,,0,,1,1,0,0,0,0,3,1,1,0,2,3,2,3,2,0,1,0,3,2,0,1,0,3,0,3,2,0,1,0,3,0,3,1,2,2,2,2,2,CHIRALA,10,1,0,0,0,1,1,N,M,2,0,0,,,,0,725,0,0,0,0,0,0,0,0,0,0,725,61,50,160
28,18,15,,,Hill,570850,2.82E+15,28,19,38,0,0,0,MANDAL,Chillakur,Total,11624,46475,23606,22869,6598,3324,3274,15405,8038,7367,6683,3421,3262,21878,12759,9119,24597,10847,13750,21704,13502,8202,13453,9398,4055,1975,1795,180,7137,4352,2785,371,236,135,3970,3015,955,8251,4104,4147,686,582,104,6926,3134,3792,76,29,47,563,359,204,24771,10104,14667,0,0,0,0,0,,0,0,0,0,0,0,0,0,0,0,0,0,0,0,0,0,0,0,0,0,0,0,0,0,0,0,0,0,0,0,0,0,0,0,0,0,0,0,0,0,0,0,0,0,0,0,0,0,0,0,0,0,0,0,0,0,0,0,0,0,0,,0,,0,0,0,0,0,0,0,0,0,0,0,0,0,0,0,0,0,0,0,0,0,0,0,0,0,0,0,0,0,0,0,0,0,0,0,0,0,0,0,,0,0,0,0,0,0,0,,,0,0,0,,,,0,0,0,0,0,0,0,0,0,0,0,0,0,0,0,0
28,18,16,2176300,2.818E+15,Chakraya Palem,570886,2.82E+15,28,18,16,2176300,0,0,VILLAGE,Chakraya Palem,Rural,296,1172,611,561,162,87,75,454,239,215,90,45,45,613,368,245,559,243,316,704,371,333,650,357,293,132,114,18,462,205,257,5,4,1,51,34,17,54,14,40,1,0,1,38,4,34,3,1,2,12,9,3,468,240,228,28,18,16,16,2176300,CHAKRAYA PALEM,539,296,1172,611,561,454,239,215,90,45,45,1,5,0,0,3,0,0,0,3,0,0,15,0,1,0,3,0,0,0,0,0,0,0,0,3,0,0,0,0,3,1,0,0,0,0,0,0,0,1,0,2,1,2,2,1,2,2,2,2,2,,0,,1,1,0,0,0,0,3,1,1,0,2,3,2,3,2,0,3,0,3,2,0,3,0,3,0,3,2,0,3,0,3,0,3,1,2,2,2,2,2,ONGOLE,40,1,0,0,0,1,1,N,M,2,0,0,,,,0,0,0,17.4,0,0,0,93.11,0,0,0,0,110.51,249.39,30.36,148.7
28,18,16,2176200,2.818E+15,Kalavakuru,570901,2.82E+15,28,18,16,2176200,0,0,VILLAGE,Kalavakuru,Rural,1178,5055,2554,2501,628,322,306,932,476,456,291,151,140,1961,1204,757,3094,1350,1744,3314,1702,1612,3095,1595,1500,1254,662,592,1492,710,782,110,58,52,239,165,74,219,107,112,26,12,14,164,78,86,16,9,7,13,8,5,1741,852,889,28,18,16,16,2176200,KALAVAKURU,2505,1178,5055,2554,2501,932,476,456,291,151,140,1,5,0,0,3,0,0,0,3,0,0,57,0,1,0,3,0,0,0,0,0,0,0,0,3,0,0,0,0,3,1,0,0,0,0,0,0,0,1,0,2,1,2,2,1,2,2,2,2,2,,0,,1,1,0,0,0,0,3,1,1,0,2,3,2,3,2,0,3,0,3,1,0,3,1,0,0,3,2,0,3,0,3,0,3,1,2,2,2,2,2,ONGOLE,41,1,0,0,0,1,1,N,M,2,0,0,,,,0,0,0,39.67,0,0,2.83,80.97,0,0,0,673,796.34,1005.66,263.15,439.8
28,18,15,2174300,2.818E+15,Konda Manjulur,570914,2.82E+15,28,18,15,2174300,0,0,VILLAGE,Konda Manjulur,Rural,1448,5966,3014,2952,768,407,361,2193,1117,1076,178,91,87,2813,1644,1169,3153,1370,1783,3407,1868,1539,2961,1793,1168,883,615,268,1575,842,733,192,102,90,311,234,77,446,75,371,7,5,2,434,67,367,1,0,1,4,3,1,2559,1146,1413,28,18,15,15,2174300,KONDA MANJULUR,2050,1448,5966,3014,2952,2193,1117,1076,178,91,87,1,5,0,1,0,1,0,0,3,0,0,38,0,1,0,3,0,0,0,0,0,0,0,0,3,0,0,0,0,3,1,0,0,0,2,0,0,0,1,0,2,1,2,2,1,2,2,2,2,2,,0,,1,1,0,0,0,0,3,1,1,0,2,3,2,3,2,0,2,0,3,1,1,0,1,0,0,3,2,0,3,0,3,0,3,1,2,2,2,2,2,ONGOLE,40,1,0,0,0,1,1,N,M,2,0,0,,,,0,1681,0,0,0,0,0,0,0,0,0,0,1681,46,88,235
28,18,15,2174400,2.818E+15,Bytamanjulur,570966,2.82E+15,28,18,15,2174400,0,0,VILLAGE,Bytamanjulur,Rural,392,1577,768,809,181,84,97,372,187,185,37,16,21,826,529,297,751,239,512,1056,525,531,1046,515,531,122,60,62,888,424,464,0,0,0,36,31,5,10,10,0,0,0,0,10,10,0,0,0,0,0,0,0,521,243,278,28,18,15,15,2174400,BYTAMANJULUR,664,392,1577,768,809,372,187,185,37,16,21,1,1,0,1,0,0,0,0,3,0,0,10,0,1,0,3,0,0,0,0,0,0,0,0,3,0,0,0,0,3,0,0,0,0,1,0,0,0,1,0,2,1,2,2,1,2,2,2,2,2,,0,,1,1,0,0,0,0,3,1,1,0,2,3,2,3,2,0,1,0,3,2,0,3,0,3,0,3,2,0,3,0,3,0,3,1,2,2,2,2,2,ONGOLE,38,1,0,0,0,1,1,N,,2,0,0,,,,0,513,0,0,0,0,0,0,0,0,0,0,513,2,36,113
28,18,16,2176600,2.818E+15,Bommanampadu,570986,2.82E+15,28,18,16,2176600,0,0,VILLAGE,Bommanampadu,Rural,940,3849,1940,1909,456,215,241,1227,612,615,51,29,22,1997,1225,772,1852,715,1137,2245,1206,1039,1825,1148,677,727,540,187,803,422,381,2,2,0,293,184,109,420,58,362,19,3,16,367,50,317,2,1,1,32,4,28,1604,734,870,28,18,16,16,2176600,BOMMANAMPADU,913,940,3849,1940,1909,1227,612,615,51,29,22,1,3,0,1,0,0,0,0,3,0,0,37,0,1,0,3,0,0,0,0,0,0,0,0,3,0,0,0,0,3,1,0,0,0,0,0,0,0,1,0,2,1,2,2,1,2,2,2,2,2,,0,,1,1,0,0,0,0,3,1,1,0,2,3,2,3,2,0,3,0,3,2,0,3,0,3,0,3,2,0,3,0,3,0,3,1,2,2,2,2,2,ONGOLE,45,1,0,0,0,1,1,N,M,2,0,0,,,,0,0,0,21.05,0,0,0,0,0,0,0,130,151.41,640.48,12.95,108.1
28,18,16,2176700,2.818E+15,Addanki (North) (U),570988,2.82E+15,28,18,16,2176700,0,0,VILLAGE,Addanki (North) (U),Rural,4059,16959,8501,8458,1990,1043,947,3546,1775,1771,267,131,136,10257,5933,4324,6702,2568,4134,7382,4970,2412,6842,4703,2139,1430,970,460,2053,1039,1014,108,59,49,3251,2635,616,540,267,273,9,4,5,264,109,155,13,2,11,254,152,102,9577,3531,6046,28,18,16,16,2176700,ADDANKI (NORTH) (U),3378,4059,16959,8501,8458,3546,1775,1771,267,131,136,1,7,0,4,0,1,0,0,3,0,0,24,0,1,0,3,0,0,0,0,0,0,0,0,3,0,0,0,0,3,1,0,0,0,0,0,0,0,1,0,2,1,2,2,1,2,2,2,2,2,,0,,1,1,0,0,0,1,0,1,1,0,2,3,2,3,1,4,0,0,3,1,1,0,0,3,0,3,2,0,3,0,3,0,3,1,2,2,2,2,2,ONGOLE,36,1,0,0,0,1,1,N,M,2,0,0,,,,0,0,0,57.08,0,0,4.04,315.38,0,0,0,0,376.5,1970.85,210.52,820.1
28,18,15,2174800,2.818E+15,Budavada,570990,2.82E+15,28,18,15,2174800,0,0,VILLAGE,Budavada,Rural,972,3806,1908,1898,529,273,256,1213,609,604,337,177,160,1699,1034,665,2107,874,1233,2379,1182,1197,1902,1133,769,657,410,247,1117,613,504,2,2,0,126,108,18,477,49,428,83,13,70,314,34,280,0,0,0,80,2,78,1427,726,701,28,18,15,15,2174800,BUDAVADA,1106,972,3806,1908,1898,1213,609,604,337,177,160,1,3,0,1,0,1,0,0,2,0,0,45,0,1,0,3,0,0,0,0,0,0,0,0,3,0,0,0,0,1,1,1,0,0,2,0,0,0,1,0,2,1,2,2,1,2,2,2,2,2,,0,,1,1,0,0,0,0,3,1,1,0,2,3,2,3,2,0,1,0,1,1,1,0,1,0,0,3,2,0,1,0,3,0,3,1,2,2,2,2,2,ONGOLE,49,1,0,0,0,1,1,N,M,2,0,0,,,,0,484,0,0,0,0,25,0,0,0,0,0,509,385,40,172
28,18,15,2174500,2.818E+15,Muppavaram,570993,2.82E+15,28,18,15,2174500,0,0,VILLAGE,Muppavaram,Rural,1031,4186,2138,2048,438,225,213,1026,562,464,263,138,125,2418,1424,994,1768,714,1054,2325,1251,1074,2228,1224,1004,679,437,242,981,448,533,3,3,0,565,336,229,97,27,70,7,2,5,45,12,33,0,0,0,45,13,32,1861,887,974,28,18,15,15,2174500,MUPPAVARAM,864,1031,4186,2138,2048,1026,562,464,263,138,125,1,4,0,1,0,1,0,0,3,0,0,12,0,1,0,3,0,0,0,0,0,0,0,0,3,0,0,0,0,2,1,0,0,0,3,0,0,0,1,0,2,1,2,2,1,2,2,2,2,2,,0,,1,1,0,0,0,2,0,1,1,0,2,3,2,3,1,1,0,0,3,1,1,0,1,0,0,3,2,0,3,0,3,0,3,1,2,2,2,2,2,ONGOLE,36,1,0,0,0,1,1,N,M,2,0,0,,,,0,554,0,0,0,0,12,0,0,0,0,0,566,167,30,101
28,18,16,2176400,2.818E+15,Gopalapuram,571000,2.82E+15,28,18,16,2176400,0,0,VILLAGE,Gopalapuram,Rural,235,930,484,446,121,61,60,280,151,129,252,123,129,436,271,165,494,213,281,571,297,274,563,295,268,175,95,80,250,88,162,35,14,21,103,98,5,8,2,6,0,0,0,5,1,4,2,1,1,1,0,1,359,187,172,28,18,16,16,2176400,GOPALAPURAM,352,235,930,484,446,280,151,129,252,123,129,1,2,0,0,3,0,0,0,3,0,0,7,0,2,0,3,0,0,0,0,0,0,0,0,3,0,0,0,0,3,0,0,0,0,0,0,0,0,1,0,2,2,2,2,1,2,2,2,2,2,,0,,2,0,3,0,0,0,3,1,1,0,2,3,2,3,2,0,3,0,3,2,0,3,0,3,0,3,2,0,3,0,3,0,3,1,2,2,2,2,2,ONGOLE,39,1,0,0,0,1,1,N,M,2,0,0,,,,0,0,0,29.55,0,0,0,50.6,0,0,0,0,80.15,241.7,0,30.1
28,18,15,2174700,2.818E+15,Kotapadu,571015,2.82E+15,28,18,15,2174700,0,0,VILLAGE,Kotapadu,Rural,598,2389,1226,1163,308,161,147,800,415,385,68,35,33,1163,737,426,1226,489,737,1421,768,653,1403,762,641,264,166,98,980,503,477,3,2,1,156,91,65,18,6,12,7,1,6,6,2,4,0,0,0,5,3,2,968,458,510,28,18,15,15,2174700,KOTAPADU,1019,598,2389,1226,1163,800,415,385,68,35,33,1,1,0,1,0,0,0,0,3,0,0,30,0,1,0,3,0,0,0,0,0,0,0,0,3,0,0,0,0,3,0,0,0,0,2,0,0,0,1,0,2,1,2,2,1,2,2,2,2,2,,0,,1,1,0,0,0,0,3,1,1,0,2,3,2,3,2,0,2,0,3,1,1,0,0,3,0,3,2,0,3,0,3,0,3,1,2,2,2,2,2,ONGOLE,38,1,0,0,0,1,1,N,M,2,0,0,,,,0,456,0,0,0,0,17,0,0,0,0,0,473,432,31,83
28,18,15,2174600,2.818E+15,Kondamur,571033,2.82E+15,28,18,15,2174600,0,0,VILLAGE,Kondamur,Rural,537,2177,1031,1146,266,136,130,287,132,155,3,2,1,1003,529,474,1174,502,672,1285,655,630,1275,653,622,552,318,234,472,201,271,22,16,6,229,118,111,10,2,8,0,0,0,8,1,7,1,0,1,1,1,0,892,376,516,28,18,15,15,2174600,KONDAMUR,1203,537,2177,1031,1146,287,132,155,3,2,1,1,2,0,0,3,0,0,0,3,0,0,12,0,1,0,3,0,0,0,0,0,0,0,0,3,0,0,0,0,1,0,0,0,0,1,0,0,0,1,0,2,1,2,2,1,2,2,2,2,2,,0,,1,1,0,0,0,0,3,1,1,0,2,3,2,3,2,0,1,0,3,2,0,1,0,3,0,3,2,0,3,0,3,0,3,1,2,2,2,2,2,ONGOLE,36,1,0,0,0,1,1,N,M,1,267993,267993,,,,0,213,0,0,0,0,0,0,0,0,0,0,213,705,103,182
28,18,16,2176800,2.818E+15,Ramayapalem (U),571050,2.82E+15,28,18,16,2176800,0,0,VILLAGE,Ramayapalem (U),Rural,860,3771,1942,1829,556,287,269,1533,784,749,59,28,31,1523,951,572,2248,991,1257,2271,1253,1018,2212,1239,973,767,433,334,743,372,371,23,12,11,679,422,257,59,14,45,3,0,3,43,6,37,0,0,0,13,8,5,1500,689,811,28,18,16,16,2176800,RAMAYAPALEM (U),2155,860,3771,1942,1829,1533,784,749,59,28,31,1,3,0,1,0,1,0,0,3,0,0,40,0,1,0,3,0,0,0,0,0,0,0,0,3,0,0,0,0,3,1,0,0,0,0,0,0,0,1,0,1,2,2,2,2,2,2,2,2,2,,0,,1,1,0,0,0,1,0,1,1,0,2,3,2,3,2,0,3,0,3,2,0,3,0,3,0,3,2,0,1,0,3,0,3,1,2,2,2,2,2,ONGOLE,40,1,0,0,0,1,1,N,M,2,0,0,,,,0,255,0,0,0,0,0,0,850,0,0,0,1105,431.95,73.27,544.75
28,18,16,2176500,2.818E+15,Narasimha Puram,571053,2.82E+15,28,18,16,2176500,0,0,,NARASIMHA PURAM,,0,0,0,0,0,0,0,0,0,0,0,0,0,0,0,0,0,0,0,0,0,0,0,0,0,0,0,0,0,0,0,0,0,0,0,0,0,0,0,0,0,0,0,0,0,0,0,0,0,0,0,0,0,0,0,28,18,16,16,2176500,NARASIMHA PURAM,163,0,0,0,0,0,0,0,0,0,0,0,0,0,0,0,0,0,0,0,0,0,0,0,0,0,0,0,0,0,0,0,0,0,0,0,0,0,0,0,0,0,0,0,0,0,0,0,0,0,0,0,0,0,0,0,0,0,0,0,0,,0,,0,0,0,0,0,0,0,0,0,0,0,0,0,0,0,0,0,0,0,0,0,0,0,0,0,0,0,0,0,0,0,0,0,0,0,0,0,0,0,,0,0,0,0,0,0,0,,,0,0,0,,,,0,0,0,0,0,0,0,70.44,0,0,0,0,70.44,38.05,17.81,36.7
28,18,15,2174900,2.818E+15,Janakavaram Panguluru,571069,2.82E+15,28,18,15,2174900,0,0,VILLAGE,Janakavaram Panguluru,Rural,1661,6228,3086,3142,684,346,338,1720,884,836,132,69,63,3616,2029,1587,2612,1057,1555,3523,1919,1604,3102,1834,1268,735,475,260,1691,877,814,42,24,18,634,458,176,421,85,336,17,5,12,379,66,313,11,7,4,14,7,7,2705,1167,1538,28,18,15,15,2174900,JANAKAVARAM PANGULURU,1942,1661,6228,3086,3142,1720,884,836,132,69,63,1,5,0,1,0,1,1,0,3,0,0,39,0,1,0,3,0,0,0,0,0,0,0,0,3,0,0,0,1,0,1,0,0,0,1,0,0,0,1,0,1,1,2,2,1,2,1,2,2,2,,0,,1,1,0,0,0,1,0,1,1,0,2,3,2,3,1,1,0,0,3,1,1,0,1,0,0,3,1,1,0,0,3,0,3,1,2,2,2,2,2,ONGOLE,45,1,0,0,0,1,1,N,M,1,588967,602902,,,,0,511,0,0,0,0,0,0,0,0,0,0,511,1036,78,317
28,18,15,2175500,2.818E+15,Chandalur,571084,2.82E+15,28,18,15,2175500,0,0,VILLAGE,Chandalur,Rural,1179,4422,2183,2239,422,223,199,1215,611,604,63,31,32,2682,1533,1149,1740,650,1090,2669,1344,1325,2422,1270,1152,1063,573,490,1066,508,558,5,3,2,288,186,102,247,74,173,24,8,16,183,51,132,6,3,3,34,12,22,1753,839,914,28,18,15,15,2175500,CHANDALUR,2871,1179,4422,2183,2239,1215,611,604,63,31,32,1,5,0,1,0,1,0,0,3,0,0,42,0,1,0,3,0,0,0,0,0,0,0,0,3,0,0,0,0,1,1,0,0,0,1,0,0,0,1,0,1,1,1,2,1,2,2,2,2,2,,0,,1,1,0,0,0,1,0,1,1,0,2,3,2,3,1,1,0,0,3,1,1,0,1,0,0,3,2,0,3,0,3,0,3,1,2,2,2,2,2,CHIRALA,35,1,0,0,0,1,1,N,M,2,0,0,,,,0,316,0,0,0,0,0,0,0,0,0,0,316,2228,61,266
28,18,15,2175100,2.818E+15,Kasyapuram,571106,2.82E+15,28,18,15,2175100,0,0,VILLAGE,Kasyapuram,Rural,190,755,389,366,83,38,45,142,74,68,2,1,1,517,301,216,238,88,150,426,244,182,272,232,40,114,105,9,86,63,23,17,14,3,55,50,5,154,12,142,62,3,59,87,7,80,1,0,1,4,2,2,329,145,184,28,18,15,15,2175100,KASYAPURAM,462,190,755,389,366,142,74,68,2,1,1,1,2,0,0,3,0,0,0,3,0,0,4,0,2,0,3,0,0,0,0,0,0,0,0,3,0,0,0,0,3,0,0,0,0,0,0,0,0,1,0,2,1,2,2,1,2,2,2,2,2,,0,,1,1,0,0,0,0,3,1,1,0,2,3,2,3,2,0,3,0,3,1,0,3,1,0,0,3,2,0,3,0,3,0,3,1,2,2,2,2,2,ONGOLE,34,1,0,0,0,1,1,N,M,2,0,0,,,,0,34,0,0,0,0,4,0,0,0,0,0,38,411,5,8
28,18,15,2175000,2.818E+15,Reningavaram,571113,2.82E+15,28,18,15,2175000,0,0,VILLAGE,Reningavaram,Rural,375,1480,749,731,169,92,77,341,174,167,31,14,17,695,423,272,785,326,459,815,441,374,787,436,351,119,89,30,449,179,270,15,8,7,204,160,44,28,5,23,0,0,0,24,4,20,0,0,0,4,1,3,665,308,357,28,18,15,15,2175000,RENINGAVARAM,448,375,1480,749,731,341,174,167,31,14,17,1,2,0,0,3,0,0,0,3,0,0,17,0,1,0,3,0,0,0,0,0,0,0,0,3,0,0,0,0,3,1,1,0,0,1,0,0,0,1,0,2,1,2,2,1,2,2,2,2,2,,0,,1,1,0,0,0,0,3,1,1,0,2,3,2,3,2,0,2,0,3,2,0,2,0,3,0,3,2,0,3,0,3,0,3,1,2,2,2,2,2,ONGOLE,33,1,0,0,0,1,1,N,M,2,0,0,,,,0,12,0,0,0,0,4,0,0,0,0,0,16,366,4,62
28,18,15,2175200,2.818E+15,Alavalapadu,571133,2.82E+15,28,18,15,2175200,0,0,VILLAGE,Alavalapadu,Rural,703,2774,1391,1383,357,175,182,404,209,195,19,9,10,1197,762,435,1577,629,948,1706,929,777,1700,927,773,466,251,215,1066,516,550,4,1,3,164,159,5,6,2,4,3,1,2,3,1,2,0,0,0,0,0,0,1068,462,606,28,18,15,15,2175200,ALAVALAPADU,1108,703,2774,1391,1383,404,209,195,19,9,10,1,2,0,1,0,0,0,0,2,0,0,19,0,1,0,3,0,0,0,0,1,0,0,0,3,0,0,0,0,3,0,0,0,0,1,0,0,0,1,0,2,1,2,2,1,2,2,2,2,2,,0,,1,1,0,0,0,0,3,1,1,0,2,3,2,3,2,0,2,0,3,2,0,1,0,3,0,3,2,0,3,0,3,0,3,1,2,2,2,2,2,ONGOLE,34,1,0,0,0,1,1,N,M,2,0,0,,,,0,93,0,0,0,0,6,0,0,0,0,0,99,694,48,267
28,18,15,2175300,2.818E+15,Thurpu Thakkella Padu,571146,2.82E+15,28,18,15,2175300,0,0,VILLAGE,Thurpu Thakkella Padu,Rural,415,1626,819,807,208,101,107,604,316,288,90,43,47,632,394,238,994,425,569,1075,556,519,1072,553,519,202,109,93,830,411,419,0,0,0,40,33,7,3,3,0,0,0,0,2,2,0,0,0,0,1,1,0,551,263,288,28,18,15,15,2175300,THURPU THAKKELLA PADU,573,415,1626,819,807,604,316,288,90,43,47,1,1,0,0,1,0,0,0,2,0,0,30,0,1,0,3,0,0,0,0,0,0,0,0,3,0,0,0,0,3,0,0,0,0,1,0,0,0,1,0,2,1,2,2,1,2,2,2,2,2,,0,,2,0,1,0,0,0,3,1,1,0,2,3,2,3,2,0,1,0,3,2,0,1,0,3,0,3,2,0,3,0,3,0,3,1,2,2,2,2,2,ONGOLE,35,1,0,0,0,1,1,N,M,2,0,0,,,,0,23,0,0,0,0,0,0,0,0,0,0,23,468,30,52
28,18,16,2177500,2.818E+15,Addanki (South) (U),571148,2.82E+15,28,18,16,2177500,0,0,VILLAGE,Addanki (South) (U),Rural,4329,18060,9077,8983,2141,1099,1042,3526,1787,1739,773,399,374,11136,6343,4793,6924,2734,4190,7892,5217,2675,7305,4971,2334,1089,748,341,2583,1216,1367,151,97,54,3482,2910,572,587,246,341,21,11,10,330,107,223,26,10,16,210,118,92,10168,3860,6308,28,18,16,16,2177500,ADDANKI (SOUTH) (U),3487,4329,18060,9077,8983,3526,1787,1739,773,399,374,1,11,0,0,3,0,0,0,3,0,0,30,0,1,0,3,0,0,0,0,0,0,0,0,3,0,0,0,0,3,2,0,0,0,0,0,0,0,1,0,1,1,2,2,1,2,2,2,2,2,,0,,1,1,0,0,0,1,0,1,1,0,2,3,2,3,2,0,3,0,3,2,0,3,0,3,0,3,2,0,3,0,3,0,3,1,2,2,2,2,2,ONGOLE,36,1,0,0,0,1,1,N,M,2,0,0,,,,0,833,0,1020,0,0,0,0,0,0,0,0,1853,333.76,310,990
28,18,15,2175400,2.818E+15,Thurpu Koppera Padu,571158,2.82E+15,28,18,15,2175400,0,0,VILLAGE,Thurpu Koppera Padu,Rural,421,1685,829,856,187,92,95,440,214,226,0,0,0,873,517,356,812,312,500,996,508,488,958,504,454,330,177,153,440,178,262,3,3,0,185,146,39,38,4,34,2,1,1,35,3,32,0,0,0,1,0,1,689,321,368,28,18,15,15,2175400,THURPU KOPPERA PADU,914,421,1685,829,856,440,214,226,0,0,0,1,2,0,1,0,0,0,0,3,0,0,44,0,1,0,3,0,0,0,0,0,0,0,0,3,0,0,0,0,2,1,1,0,0,1,0,0,0,1,0,2,1,2,2,1,2,2,2,2,2,,0,,1,1,0,0,0,0,3,1,1,0,2,3,2,3,2,0,1,0,3,1,1,0,0,3,0,3,2,0,3,0,3,0,3,1,2,2,2,2,2,ONGOLE,36,1,0,0,0,1,1,N,,2,0,0,,,,0,16.19,0,0,0,0,0,0,0,0,0,0,16.19,782.66,0,114.93
28,18,26,2200700,2.818E+15,Pichikalagudipadu,571162,2.82E+15,28,18,26,2200700,0,0,VILLAGE,Pichikalagudipadu,Rural,459,1906,968,938,248,130,118,548,264,284,19,11,8,994,615,379,912,353,559,1157,599,558,963,537,426,397,231,166,461,222,239,10,3,7,95,81,14,194,62,132,6,0,6,176,56,120,3,0,3,9,6,3,749,369,380,28,18,26,26,2200700,PICHIKALAGUDIPADU,951,459,1906,968,938,548,264,284,19,11,8,1,2,0,0,1,0,0,0,1,0,0,20,0,2,0,3,0,0,0,0,0,0,0,0,3,0,0,0,0,2,0,0,0,0,0,0,0,0,1,0,2,1,2,2,1,2,2,2,2,2,,0,,1,1,0,0,0,3,0,1,1,0,2,3,2,3,2,0,2,0,3,2,0,3,0,3,0,3,2,0,2,0,3,0,3,1,2,2,2,2,2,ONGOLE,28,1,0,0,0,1,1,N,M,2,0,0,,,,0,0,0,0,18.21,0,0,17,0,0,0,238,273.16,515.97,121.81,40.06
28,18,16,2176900,2.818E+15,Kotikalapudi,571170,2.82E+15,28,18,16,2176900,0,0,VILLAGE,Kotikalapudi,Rural,523,2037,1066,971,225,124,101,566,303,263,43,20,23,916,585,331,1121,481,640,1051,673,378,993,640,353,423,289,134,472,278,194,2,2,0,96,71,25,58,33,25,0,0,0,32,12,20,0,0,0,26,21,5,986,393,593,28,18,16,16,2176900,KOTIKALAPUDI,955,523,2037,1066,971,566,303,263,43,20,23,1,5,0,0,3,0,0,0,3,0,0,25,0,1,0,3,0,0,0,0,0,0,0,0,3,0,0,0,0,3,1,0,0,0,0,0,0,0,1,0,1,2,2,2,1,2,2,2,2,2,,0,,1,1,0,0,0,0,3,1,1,0,2,3,2,3,2,0,3,0,3,1,1,0,0,3,0,3,2,0,3,0,3,0,3,1,2,2,2,2,2,ONGOLE,51,1,0,0,0,1,1,N,M,2,0,0,,,,0,0,0,12.95,0,0,0,0,0,0,0,64,76.91,808.5,7.69,62
28,18,16,2177000,2.818E+15,Kunkupadu,571181,2.82E+15,28,18,16,2177000,0,0,VILLAGE,Kunkupadu,Rural,256,1204,597,607,181,84,97,485,240,245,4,2,2,460,289,171,744,308,436,682,365,317,331,283,48,137,136,1,81,52,29,2,2,0,111,93,18,351,82,269,4,1,3,244,53,191,64,6,58,39,22,17,522,232,290,28,18,16,16,2177000,KUNKUPADU,854,256,1204,597,607,485,240,245,4,2,2,1,2,0,0,2,0,0,0,3,0,0,22,0,2,0,3,0,0,0,0,0,0,0,0,3,0,0,0,0,2,0,0,0,0,0,0,0,0,1,0,2,1,2,2,1,2,2,2,2,2,,0,,1,1,0,0,0,0,3,1,1,0,2,3,2,3,2,0,2,0,3,1,0,1,1,0,0,3,2,0,2,0,3,0,3,1,2,2,2,2,2,ONGOLE,46,1,0,0,0,1,1,N,M,2,0,0,,,,0,0,0,6.47,0,0,0,0,0,0,0,18,24.68,697.16,60.72,71.4
28,18,16,2177400,2.818E+15,Mani Keswaram,571221,2.82E+15,28,18,16,2177400,0,0,VILLAGE,Mani Keswaram,Rural,382,1705,876,829,220,114,106,614,316,298,19,10,9,921,591,330,784,285,499,867,493,374,570,429,141,102,73,29,230,126,104,0,0,0,238,230,8,297,64,233,4,1,3,263,42,221,0,0,0,30,21,9,838,383,455,28,18,16,16,2177400,MANI KESWARAM,852,382,1705,876,829,614,316,298,19,10,9,1,3,0,1,0,0,0,0,3,0,0,18,0,1,0,3,0,0,0,0,0,0,0,0,3,0,0,0,0,3,1,0,0,0,0,0,0,0,1,0,2,1,2,2,1,2,2,2,2,2,,0,,2,0,3,0,0,0,3,1,1,0,2,3,2,3,2,0,3,0,3,1,1,0,0,3,0,3,2,0,3,0,3,0,3,1,2,2,2,2,2,ONGOLE,43,1,0,0,0,1,1,N,M,2,0,0,,,,0,0,0,8.9,0,0,0,23.48,0,0,0,0,32.38,514.57,40.48,264.5
28,18,26,2200800,2.818E+15,Ravinuthala,571223,2.82E+15,28,18,26,2200800,0,0,VILLAGE,Ravinuthala,Rural,1969,7280,3630,3650,720,373,347,1997,1037,960,143,77,66,4525,2594,1931,2755,1036,1719,3908,2122,1786,3807,2079,1728,1112,650,462,2053,914,1139,76,50,26,566,465,101,101,43,58,11,3,8,55,18,37,2,0,2,33,22,11,3372,1508,1864,28,18,26,26,2200800,RAVINUTHALA,2562,1969,7280,3630,3650,1997,1037,960,143,77,66,1,4,0,1,0,1,1,0,1,0,0,53,0,1,0,3,0,0,0,0,0,0,0,0,3,0,0,0,0,1,1,0,0,2,0,0,0,0,1,0,1,2,2,2,1,2,2,2,2,2,,0,,1,1,0,0,0,15,0,1,1,0,2,2,2,3,1,2,0,1,0,1,1,0,0,3,0,3,1,1,0,0,3,0,3,1,2,2,2,2,2,ONGOLE,29,1,0,0,0,1,1,N,M,2,0,0,,,,0,210.44,0,0,31.16,0,0,0,0,0,0,0,241.6,2131,67.99,121.41
28,18,26,2200600,2.818E+15,Korisapadu,571230,2.82E+15,28,18,26,2200600,0,0,VILLAGE,Korisapadu,Rural,951,3823,1906,1917,373,170,203,1578,798,780,88,51,37,2355,1358,997,1468,548,920,2186,1152,1034,2160,1143,1017,695,430,265,1074,468,606,75,31,44,316,214,102,26,9,17,5,3,2,19,6,13,2,0,2,0,0,0,1637,754,883,28,18,26,26,2200600,KORISAPADU,1002,951,3823,1906,1917,1578,798,780,88,51,37,1,4,0,1,0,1,1,0,1,0,0,37,0,1,0,3,0,0,0,0,0,0,0,0,3,0,0,0,1,0,1,0,0,3,0,0,0,0,1,0,1,2,2,2,1,2,2,2,2,2,,0,,1,1,0,0,0,4,0,1,1,0,2,3,2,3,1,1,0,0,1,1,0,3,1,0,1,0,2,0,1,0,3,0,3,1,2,2,2,2,2,ONGOLE,30,1,0,0,0,1,1,N,M,2,0,0,,,,0,0,0,0,28.33,0,0,40.48,0,0,0,0,68.81,804.5,76.89,51.8
28,18,15,2175600,2.818E+15,Nuzendla Palle,571233,2.82E+15,28,18,15,2175600,0,0,VILLAGE,Nuzendla Palle,Rural,421,1622,776,846,152,82,70,542,277,265,152,76,76,997,552,445,625,224,401,925,466,459,564,289,275,253,132,121,231,99,132,10,8,2,70,50,20,361,177,184,21,12,9,339,164,175,0,0,0,1,1,0,697,310,387,28,18,15,15,2175600,NUZENDLA PALLE,662,421,1622,776,846,542,277,265,152,76,76,1,2,0,1,0,0,0,0,3,0,0,12,0,1,0,3,0,0,0,0,0,0,0,0,3,0,0,0,0,1,0,0,0,0,1,0,0,0,1,0,2,1,1,2,1,2,2,2,2,2,,0,,1,1,0,0,0,0,3,1,1,0,2,3,2,3,2,0,1,0,3,1,1,0,0,3,0,3,2,0,3,0,3,0,3,1,2,2,2,2,2,ONGOLE,33,1,0,0,0,1,1,N,,2,0,0,,,,0,45.32,0,0,0,0,0,0,0,0,0,0,45.32,545.12,0,71.22
28,18,26,2200400,2.818E+15,Bodduvani Palem,571245,2.82E+15,28,18,26,2200400,0,0,VILLAGE,Bodduvani Palem,Rural,3434,14442,7276,7166,1718,911,807,3878,1935,1943,532,271,261,8419,4914,3505,6023,2362,3661,7505,4349,3156,6815,4045,2770,1528,1031,497,3437,1549,1888,122,40,82,1728,1425,303,690,304,386,49,13,36,571,243,328,13,1,12,57,47,10,6937,2927,4010,28,18,26,26,2200400,BODDUVANI PALEM,3287,3434,14442,7276,7166,3878,1935,1943,532,271,261,1,12,0,3,0,3,2,2,0,0,0,99,0,1,0,3,0,0,0,0,1,0,0,0,3,0,0,0,0,2,2,0,0,0,1,0,0,0,1,0,1,2,2,2,1,2,2,2,2,2,,0,,1,1,0,1,0,1,0,1,1,0,2,3,2,3,1,1,0,0,3,1,1,0,1,0,0,3,1,2,0,0,3,0,3,1,2,0,0,0,0,ONGOLE,30,1,0,0,0,1,1,N,M,2,0,0,,,,0,80.7,0,0,0,0,0,30.4,0,0,0,0,111.1,3063.3,62.8,49.8
28,18,16,2177300,2.818E+15,Nannurupadu,571248,2.82E+15,28,18,16,2177300,0,0,VILLAGE,Nannurupadu,Rural,184,795,410,385,125,71,54,394,204,190,33,19,14,277,182,95,518,228,290,450,226,224,442,220,222,46,46,0,339,126,213,0,0,0,57,48,9,8,6,2,0,0,0,1,0,1,0,0,0,7,6,1,345,184,161,28,18,16,16,2177300,NANNURUPADU,351,184,795,410,385,394,204,190,33,19,14,1,1,0,0,3,0,0,0,3,0,0,0,0,2,0,3,0,0,0,0,0,0,0,0,3,0,0,0,0,3,0,0,0,0,0,0,0,0,1,0,2,1,2,2,1,2,2,2,2,2,,0,,2,0,3,0,0,0,3,1,1,0,2,3,2,3,2,0,3,0,3,2,0,3,0,3,0,3,2,0,3,0,3,0,3,1,2,2,2,2,2,ONGOLE,56,1,0,0,0,1,1,N,M,2,0,0,,,,0,0,0,7.28,0,0,0,0,0,0,0,17,24.28,264.77,19.02,42.9
28,18,26,2201000,2.818E+15,Pamidi Padu,571265,2.82E+15,28,18,26,2201000,0,0,VILLAGE,Pamidi Padu,Rural,1646,6603,3343,3260,634,334,300,2017,1078,939,84,47,37,3936,2300,1636,2667,1043,1624,3764,2029,1735,3666,1997,1669,888,573,315,2410,1130,1280,19,15,4,349,279,70,98,32,66,23,9,14,64,18,46,5,0,5,6,5,1,2839,1314,1525,28,18,26,26,2201000,PAMIDI PADU,3123,1646,6603,3343,3260,2017,1078,939,84,47,37,1,8,0,1,0,1,0,0,1,0,0,75,0,1,0,3,0,0,0,0,0,0,0,0,3,0,0,0,0,2,1,0,0,0,0,0,0,0,1,0,1,2,2,2,1,2,2,2,2,2,,0,,1,1,0,0,0,8,0,1,1,0,2,3,2,3,1,1,0,0,1,1,1,0,1,0,0,3,2,0,1,0,3,0,3,1,2,2,2,2,2,ONGOLE,30,1,0,0,0,1,1,N,M,2,0,0,,,,0,0,0,0,30.35,0,0,0,0,0,0,0,30.35,1726.39,380.8,985.41
28,18,26,2200300,2.818E+15,Anamanamur,571267,2.82E+15,28,18,26,2200300,0,0,VILLAGE,Anamanamur,Rural,269,1058,533,525,109,57,52,416,210,206,11,6,5,539,329,210,519,204,315,609,349,260,570,344,226,107,76,31,322,143,179,22,21,1,119,104,15,39,5,34,10,0,10,27,3,24,0,0,0,2,2,0,449,184,265,28,18,26,26,2200300,ANAMANAMUR,778,269,1058,533,525,416,210,206,11,6,5,1,2,0,1,0,0,0,0,2,0,0,21,0,2,0,3,0,0,0,0,0,0,0,0,3,0,0,0,0,3,0,0,0,0,0,0,0,0,1,0,1,2,2,2,1,1,2,2,2,2,,0,,1,1,0,0,0,0,3,1,1,0,2,3,2,3,2,0,3,0,3,2,0,3,0,3,0,3,2,0,2,0,3,0,3,1,2,2,2,2,2,ONGOLE,30,1,0,0,0,1,1,N,M,2,0,0,BRACE METERIAL,,,0,100.5,0,0,0,0,0,0,0,0,0,0,100.5,537,79.72,60.7
28,18,16,2177100,2.818E+15,Modepalle,571271,2.82E+15,28,18,16,2177100,0,0,VILLAGE,Modepalle,Rural,311,1365,701,664,177,94,83,418,219,199,19,10,9,789,453,336,576,248,328,803,456,347,692,445,247,389,245,144,206,113,93,1,1,0,96,86,10,111,11,100,0,0,0,107,8,99,0,0,0,4,3,1,562,245,317,28,18,16,16,2177100,MODEPALLE,1476,311,1365,701,664,418,219,199,19,10,9,1,3,0,0,3,0,0,0,3,0,0,21,0,1,0,3,0,0,0,0,0,0,0,0,3,0,0,0,1,0,0,0,0,0,0,0,0,0,1,0,2,1,2,2,1,2,2,2,2,2,,0,,2,0,3,0,0,0,3,1,1,0,2,3,2,3,2,0,3,0,3,1,1,0,1,0,0,3,2,0,3,0,3,0,3,1,2,2,2,2,2,ONGOLE,49,1,0,0,0,1,1,N,M,2,0,0,,,,0,0,0,4.45,0,0,0,0,0,0,0,87,91.49,637.65,96.76,650
28,18,26,2201100,2.818E+15,Rachapudi,571292,2.82E+15,28,18,26,2201100,0,0,VILLAGE,Rachapudi,Rural,781,3331,1693,1638,416,227,189,1483,746,737,21,10,11,1378,868,510,1953,825,1128,2146,1096,1050,1699,887,812,699,367,332,953,478,475,4,4,0,43,38,5,447,209,238,4,2,2,441,207,234,1,0,1,1,0,1,1185,597,588,28,18,26,26,2201100,RACHAPUDI,1015,781,3331,1693,1638,1483,746,737,21,10,11,1,6,0,1,0,0,0,0,2,0,0,21,0,1,0,3,0,0,0,0,0,0,0,0,3,0,0,0,0,3,1,0,0,0,0,0,0,0,1,0,1,2,2,2,1,2,2,2,2,2,,0,,1,1,0,0,0,0,3,1,1,0,2,3,2,3,2,0,1,0,2,2,0,1,0,3,0,3,2,0,2,0,3,0,3,1,2,2,2,2,2,ONGOLE,30,1,0,0,0,1,1,N,,2,0,0,,,,0,0,0,0,1.21,0,0,0,0,0,0,0,1.21,996.33,4.86,12.14
28,18,26,2200900,2.818E+15,Dyvala Ravuru,571302,2.82E+15,28,18,26,2200900,0,0,VILLAGE,Dyvala Ravuru,Rural,870,3346,1689,1657,326,164,162,1638,833,805,98,51,47,1817,1097,720,1529,592,937,2038,1068,970,1938,1038,900,527,343,184,1049,411,638,15,6,9,347,278,69,100,30,70,5,0,5,68,17,51,5,2,3,22,11,11,1308,621,687,28,18,26,26,2200900,DYVALA RAVURU,1367,870,3346,1689,1657,1638,833,805,98,51,47,1,3,0,1,0,1,0,0,1,0,0,30,0,2,0,3,0,0,0,0,0,0,0,0,3,0,0,0,0,1,0,0,0,0,0,0,0,0,1,0,1,2,2,2,1,2,2,2,2,2,,0,,1,1,0,0,0,6,0,1,1,0,2,3,2,3,2,0,1,0,1,1,1,0,1,0,0,3,2,0,1,0,3,0,3,1,2,2,2,2,2,ONGOLE,27,1,0,0,0,1,1,N,M,2,0,0,,,,0,0,0,0,0,0,0,8.9,0,0,0,0,8.9,1199.06,48.16,110.88
28,18,16,2177200,2.818E+15,Dhenuva Konda,571304,2.82E+15,28,18,16,2177200,0,0,VILLAGE,Dhenuva Konda,Rural,815,3419,1710,1709,446,209,237,707,355,352,132,64,68,1473,908,565,1946,802,1144,1965,1060,905,1925,1042,883,353,272,81,1188,497,691,0,0,0,384,273,111,40,18,22,5,3,2,12,4,8,0,0,0,23,11,12,1454,650,804,28,18,16,16,2177200,DHENUVA KONDA,1682,815,3419,1710,1709,707,355,352,132,64,68,1,4,0,1,0,1,0,0,3,0,0,62,0,1,0,3,0,0,0,0,1,0,0,0,3,0,0,0,0,2,1,0,0,0,0,0,0,0,1,0,2,1,2,2,1,1,2,2,2,2,,0,,1,1,0,0,0,1,0,1,1,0,2,3,2,3,2,0,2,0,3,1,1,0,0,3,0,3,1,1,0,0,3,0,3,1,2,2,2,2,2,ONGOLE,36,1,0,0,0,1,1,N,M,2,0,0,,,,0,0,0,21.86,0,0,60.32,138.05,0,0,0,0,220.23,1034.41,200,227.3
28,18,26,2200500,2.818E+15,Somavarappadu,571306,2.82E+15,28,18,26,2200500,0,0,VILLAGE,Somavarappadu,Rural,250,964,509,455,112,64,48,429,234,195,119,64,55,479,327,152,485,182,303,565,285,280,565,285,280,41,27,14,500,235,265,1,0,1,23,23,0,0,0,0,0,0,0,0,0,0,0,0,0,0,0,0,399,224,175,28,18,26,26,2200500,SOMAVARAPPADU,363,250,964,509,455,429,234,195,119,64,55,1,1,0,1,0,0,0,0,1,0,0,7,0,1,0,3,0,0,0,0,0,0,0,0,3,0,0,0,0,3,1,0,0,0,0,0,0,0,1,0,1,2,2,2,1,2,2,2,2,2,,0,,2,0,1,0,0,0,3,1,1,0,2,3,2,3,2,0,1,0,3,1,1,0,1,0,0,3,2,0,3,0,3,0,3,1,2,2,2,2,2,ONGOLE,31,1,0,0,0,1,1,N,,2,0,0,,,,0,3.24,0,0,0,0,0,0,0,0,0,0,3.24,320.91,16.19,22.26
28,18,26,2201200,2.818E+15,Prasangula Padu,571420,2.82E+15,28,18,26,2201200,0,0,VILLAGE,Prasangula Padu,Rural,302,1091,527,564,65,35,30,476,244,232,0,0,0,660,379,281,431,148,283,697,363,334,659,350,309,192,116,76,438,210,228,2,1,1,27,23,4,38,13,25,0,0,0,37,12,25,1,1,0,0,0,0,394,164,230,28,18,26,26,2201200,PRASANGULA PADU,468,302,1091,527,564,476,244,232,0,0,0,1,1,0,0,1,0,0,0,2,0,0,13,0,1,0,3,0,0,0,0,0,0,0,0,3,0,0,0,1,0,0,0,0,0,0,0,0,0,1,0,1,2,2,2,1,2,2,2,2,2,,0,,1,1,0,0,0,12,0,1,1,0,2,3,2,3,2,0,1,0,1,1,1,0,0,3,0,3,2,0,3,0,3,0,3,1,2,2,2,2,2,ONGOLE,31,1,0,0,0,1,1,N,M,2,0,0,,,,0,0,0,0,0.81,0,0,0,0,0,0,0,0.81,386.48,56.25,24.28
